communication,entertainment,finance,medicals,raw materials,real estate,retail,service,software
690.1000000000006,99.19999999999999,924.8999999999994,300.3000000000001,735.700000000001,745.0999999999997,617.9000000000001,353.70000000000005,1046.1999999999994
