,communication,entertainment,finance,medicals,raw materials,real estate,retail,service,software
0,84.80000000000001,8.5,95.39999999999999,41.900000000000006,79.19999999999999,119.7,72.39999999999999,51.7,65.1
