,communication,entertainment,finance,medicals,raw materials,real estate,retail,service,software
0,220.39999999999998,16.099999999999998,147.90000000000006,38.5,86.49999999999997,114.70000000000002,148.20000000000002,63.099999999999994,261.4
