industry,wealth
communication,84.80000000000001
entertainment,8.5
finance,95.39999999999999
medicals,41.900000000000006
raw materials,79.19999999999999
real estate,119.7
retail,72.39999999999999
service,51.7
software,65.1
