industry,wealth
communication,690.1000000000006
entertainment,99.19999999999999
finance,924.8999999999994
medicals,234.3
raw materials,735.7
real estate,745.1
retail,617.9000000000001
service,353.70000000000005
software,1046.1999999999994