industry,wealth
communication,220.39999999999998
entertainment,16.099999999999998
finance,147.90000000000006
medicals,38.5
raw materials,86.49999999999997
real estate,114.70000000000002
retail,148.20000000000002
service,63.099999999999994
software,261.4