,communication,entertainment,finance,medicals,raw materials,real estate,retail,service,software
0,384.9,74.59999999999998,681.5999999999998,219.90000000000003,570.0000000000007,510.70000000000005,397.3000000000001,238.90000000000003,719.7000000000004
