industry,wealth
communication,384.9
entertainment,74.59999999999998
finance,681.5999999999998
medicals,219.90000000000003
raw materials,570.0000000000007
real estate,510.70000000000005
retail,397.3000000000001
service,238.90000000000003
technology,719.7000000000004